Alamoudi Abdullah Abdulrahman,alamouda@uci.edu,CmptSci
Avagyan Vahe,vavagyan@uci.edu,CmptSci
Brest Jordan Barry,jbrest@uci.edu,CmptSci
Chen Justin Yi-Jay (Justin Chen),chenjy2@uci.edu,CmptSci
Chin Patricia,patricic@uci.edu,CmptSci
Devanny William Eric (Will),wdevanny@uci.edu,CmptSci
Godfrey Scott William,sgodfrey@uci.edu,CmptSci
Hazarnis Ambarish Sandeep,ahazarni@uci.edu,CmptSci
Hoang Yen Thi Hai,ythoang@uci.edu,CmptSci
Huynh Baominh Thu (Minh),baominhh@uci.edu,CmptSci
Jia Jianfeng (Jianfeng),jianfeng.jia@uci.edu,CmptSci
Khetan Ankur Ramakant (Ankur),akhetan@uci.edu,CmptSci
Kim Taewoo,taewoo.kim@uci.edu,CmptSci
Lee Junkyu,junkyul@uci.edu,CmptSci
Madarasu Kusum Kumar (Kusum),madarask@uci.edu,CmptSci
Mahini Afshin (Perjia),amahini@uci.edu,CmptSci
Masukawa Jonathan Mark (Jon),jmasukaw@uci.edu,CmptSci
Mavillapally Raghu Ram Reddy (Raghu Ram),rmavilla@uci.edu,CmptSci
Namaki Shoushtari Majid,anamakis@uci.edu,CmptSci
Ngau Chape Nam,cngau@uci.edu,CmptSci
Nguyen Khanh Truong Duy (Khanh),khanhtn1@uci.edu,CmptSci
Ovcharenko Robert,rovchare@uci.edu,CSE
Phillips Mason Scott,masonp@uci.edu,CmptSci
Puducheri Sundar Preethi (Preethi),ppuduche@uci.edu,CmptSci
Qunaibit Mohaned Yousef A,m.qunaibit@uci.edu,CmptSci
Rahimi Rozita,rahimir@uci.edu,CmptSci
Sankaranarayanan Arun (Arun),sankaraa@uci.edu,CmptSci
Saxena Kartik,ksaxena@uci.edu,CmptSci
Supancic Iii James Steven,jsupanci@uci.edu,CmptSci
Truong Peter James Jr. (PJ),pjtruong@uci.edu,CmptSci
Wang Anthony Chun,anthonyw@uci.edu,CmptSci
Zhang Lulu (Elly),luluz2@uci.edu,CmptSci